dataset_id	modality	name	doi	openneuro_url	commit	payload
ds000247	MEG	MEG-BIDS OMEGA RestingState_sample	doi:10.18112/openneuro.ds000247.v1.0.2	https://openneuro.org/datasets/ds000247	e1e5f54e2cd8c8a220d322fb66615112e08f541a	metadata-only slice
ds001787	EEG	EEG meditation study	doi:10.18112/openneuro.ds001787.v1.1.1	https://openneuro.org/datasets/ds001787	ffbea891000d0d2b81f8780e57def420e4cb01a7	real payload
ds003020	fMRI	An fMRI dataset during a passive natural language listening task	doi:10.18112/openneuro.ds003020.v3.1.1	https://openneuro.org/datasets/ds003020	cb7c536d471d48ff95a90f0531d5e2bdb910a77a	real payload
ds003643	fMRI	Le Petit Prince: A multilingual fMRI corpus using ecological stimuli	doi:10.18112/openneuro.ds003643.v2.0.7	https://openneuro.org/datasets/ds003643	c0766f4b53f37ed44fbb4e044b53530caf354814	real payload
ds003676	fMRI	diffusion_fMRI	10.18112/openneuro.ds003676.v1.0.1	https://openneuro.org/datasets/ds003676	55a84efe1ca1f5256f80f20df5bc2804cbc571dc	real payload
ds003838	EEG	EEG, pupillometry, ECG and photoplethysmography, and behavioral data in the digit span task and rest	doi:10.18112/openneuro.ds003838.v1.0.6	https://openneuro.org/datasets/ds003838	2b2929557878cbd1278c7ef5281f6f875b74152a	real payload
ds004054	MRI	Aerobic Glycolysis Imaging PET-MRI	doi:10.18112/openneuro.ds004054.v1.0.0	https://openneuro.org/datasets/ds004054	709f1a6ef688bec0dca0e068ee5fce99d2402463	real payload
ds004199	MRI	An open presurgery MRI dataset of people with epilepsy and focal cortical dysplasia type II	doi:10.18112/openneuro.ds004199.v1.0.6	https://openneuro.org/datasets/ds004199	df7eff349056648098d3e080b7577d6f22fdd67f	real payload
ds004284	EEG	eeg-neuroforecasting	doi:10.18112/openneuro.ds004284.v1.0.0	https://openneuro.org/datasets/ds004284	4448eb947fec31025d237fa919d0022baada3e29	metadata-only slice
ds004346	MEG	FLUX: A pipeline for MEG analysis	doi:10.18112/openneuro.ds004346.v1.0.8	https://openneuro.org/datasets/ds004346	9bbbad55edebadd4ad6ef7b53e8db6b5852b3458	metadata-only slice
ds004348	EEG	Ear-EEG Sleep Monitoring 2017 (EESM17)	doi:10.18112/openneuro.ds004348.v1.0.5	https://openneuro.org/datasets/ds004348	9c468186f3e990a281aca8e000af39cb9b51ec1a	real payload + 1 companion
ds004357	EEG	Features-EEG	doi:10.18112/openneuro.ds004357.v1.0.1	https://openneuro.org/datasets/ds004357	c5b0cd6e66c9ffc4408de3c8ed93a8e8b1fb7b9a	metadata-only slice
ds004504	EEG	A dataset of EEG recordings from: Alzheimer's disease, Frontotemporal dementia and Healthy subjects	doi:10.18112/openneuro.ds004504.v1.0.9	https://openneuro.org/datasets/ds004504	63b2ec152bc3cd4487d131124f10f767ebe543bc	real payload
ds004514	EEG	Simultaneous EEG and fNIRS recordings for semantic decoding of imagined animals and tools	doi:10.18112/openneuro.ds004514.v1.1.2	https://openneuro.org/datasets/ds004514	ec408d84a6424efaedc5ccbc71f0f1af9848e655	metadata-only slice
ds004515	EEG	EEG: Alcohol imagery reinforcement learning task with light and heavy drinker participants	doi:10.18112/openneuro.ds004515.v1.0.0	https://openneuro.org/datasets/ds004515	8436d0b5d0ee27c1f1f7f2fee05741f83e1e4073	real payload
ds004662	fMRI	Denoising task-correlated head motion from motor-task fMRI data with multi-echo ICA	doi:10.18112/openneuro.ds004662.v1.1.0	https://openneuro.org/datasets/ds004662	85aa8e4f96a0f7dcd1eb65384f1f9d57896f4ffb	real payload
ds004738	MEG	sfb_meg_phantom (B04/C01)	doi:10.18112/openneuro.ds004738.v1.0.1	https://openneuro.org/datasets/ds004738	3ce2d4cb0565de82e6e116ca2d0d42d217854207	real payload
ds004745	EEG	8-Channel SSVEP EEG Dataset with Artifact Trials	doi:10.18112/openneuro.ds004745.v1.0.1	https://openneuro.org/datasets/ds004745	b760b2be2637b679ba82fa68e5d2fad14a6d5048	real payload
ds004752	EEG	Dataset of intracranial EEG, scalp EEG and beamforming sources from epilepsy patients performing a verbal working memory task	doi:10.18112/openneuro.ds004752.v1.0.1	https://openneuro.org/datasets/ds004752	234fd4c04dea66ab9b0fd5ddbf4ec51f56b6ad02	real payload
ds004765	fMRI	language fMRI	doi:10.18112/openneuro.ds004765.v1.0.0	https://openneuro.org/datasets/ds004765	9ba54910de36de902c3749570dec1ad661f077e8	real payload
ds004770	iEEG	iEEG on children during gameplay	doi:10.18112/openneuro.ds004770.v1.0.0	https://openneuro.org/datasets/ds004770	cd77b6f8e140156a7b7d0d56f0f108f0bf229aaa	real payload
ds004798	EEG+fMRI	fMRI data for: Multimodal single-neuron, intracranial EEG, and fMRI brain responses during movie watching in human patients	doi:10.18112/openneuro.ds004798.v1.0.5	https://openneuro.org/datasets/ds004798	71af7044d3510474db337225d30f9bd7377e5513	real payload
ds004837	MEG	Magnetoencephalographic (MEG) Pitch and Duration Mismatch Negativity (MMN) in First-Episode Psychosis	doi:10.18112/openneuro.ds004837.v1.0.2	https://openneuro.org/datasets/ds004837	2b535485d8f69edd784f08f2ba5d31cd4dc13989	metadata-only slice
ds004840	EEG	Dataset of electrophysiological signals (EEG, ECG, EMG) during Music therapy with adult burn patients in the Intensive Care Unit.	doi:10.18112/openneuro.ds004840.v1.0.1	https://openneuro.org/datasets/ds004840	4920d5863d03d1eb4fb7df26f176b7d2c3122341	real payload
ds004902	EEG	A Resting-state EEG Dataset for Sleep Deprivation	doi:10.18112/openneuro.ds004902.v1.0.8	https://openneuro.org/datasets/ds004902	fd8c444dc1c1945b2d5add4d858e68df1c925854	real payload + 1 companion
ds004951	EEG	Braille letters - EEG	doi:10.18112/openneuro.ds004951.v1.0.0	https://openneuro.org/datasets/ds004951	b319ac5247b04b073558a5fa6a28968b92c5d825	real payload
ds004952	EEG	ChineseEEG: A Chinese Linguistic Corpora EEG Dataset for Semantic Alignment and Neural Decoding	doi:10.18112/openneuro.ds004952.v1.2.2	https://openneuro.org/datasets/ds004952	cb575fd94f58e8566541573a9a34d6c782efaf81	real payload
ds004956	fMRI	Braille letters - fMRI	doi:10.18112/openneuro.ds004956.v1.0.1	https://openneuro.org/datasets/ds004956	8d59ea70a7e70268bc64c11bbce84cd5cc819a7b	real payload
ds005003	fMRI	Retrospective Task/Rest fMRI Data from Tumor Patients	doi:10.18112/openneuro.ds005003.v2.0.0	https://openneuro.org/datasets/ds005003	143e1d3b0d288606dab168716efaefcfbba81fc2	real payload
ds005085	fMRI	Sequence pilot: multiecho and multiband fMRI	doi:10.18112/openneuro.ds005085.v1.0.0	https://openneuro.org/datasets/ds005085	cd54b7f632793e69c6c8dc66fd3acb3a90cf9d42	real payload
ds005178	EEG	Ear-EEG Sleep Monitoring 2023 (EESM23)	doi:10.18112/openneuro.ds005178.v1.0.0	https://openneuro.org/datasets/ds005178	a57deb78cf1294497db88d73aaed06813850f236	real payload
ds005241	MEG	NeuroMorph: A High-Temporal Resolution MEG Dataset for Morpheme-Based Linguistic Analysis	doi:10.18112/openneuro.ds005241.v1.1.0	https://openneuro.org/datasets/ds005241	93ce105414df71ffe14ae501f9a3d641f3ec4866	real payload
ds005262	EEG	ArEEG: Arabic Inner Speech EEG dataset	doi:10.18112/openneuro.ds005262.v1.0.1	https://openneuro.org/datasets/ds005262	4ba1bb516d6cc98917143b0dfca23947935c7b15	real payload
ds005274	EEG	UV_EEG	doi:10.18112/openneuro.ds005274.v1.0.0	https://openneuro.org/datasets/ds005274	bbba9d05df1d1e0088e4a9b76a32e36d530cbfa1	real payload
ds005356	MEG	MEG: Major Depression & Probabilistic Learning Task	doi:10.18112/openneuro.ds005356.v1.5.0	https://openneuro.org/datasets/ds005356	253cf1753b79fa734d8ccd2d48dc00f100744f9c	real payload
ds005398	iEEG	Open iEEG Dataset (Pediatric iEEG, Wayne State University and UCLA)	doi:10.18112/openneuro.ds005398.v1.1.3	https://openneuro.org/datasets/ds005398	96696da7d648dd98c1f6cd8927faf95451e7bb94	real payload
ds005420	EEG	Resting state EEG with closed eyes and open eyes in females from 60 to 80 years old	doi:10.18112/openneuro.ds005420.v1.0.0	https://openneuro.org/datasets/ds005420	ff387dfd7d3290f67de4512c07461bdf2dd9c258	real payload
ds005540	EEG	EmoEEG-MC: A Multi-Context Emotional EEG Dataset for Cross-Context Emotion Decoding	doi:10.18112/openneuro.ds005540.v1.0.7	https://openneuro.org/datasets/ds005540	83b5b7f28dea9964a5389509548219a27b755cc4	real payload
ds005588	fMRI	SoDec - Responsibility fMRI experiment dataset	doi:10.18112/openneuro.ds005588.v1.0.1	https://openneuro.org/datasets/ds005588	9809da09b6c66274196fcc830cdd50813fdcb859	real payload
ds005700	fMRI	NeuroEmo: An fMRI Dataset for Emotion Recognition	doi:10.18112/openneuro.ds005700.v1.2.0	https://openneuro.org/datasets/ds005700	b29e18168d96db7d2c9d3f2c3b5c2194aef100bc	real payload
ds005953	iEEG	iEEG_visual	doi:10.18112/openneuro.ds005953.v1.0.0	https://openneuro.org/datasets/ds005953	e7eee790539caf87dbbf4ad1e0525e015bb98412	metadata-only slice
ds006012	MEG	A geometric shape regularity effect in the human brain: MEG dataset	doi:10.18112/openneuro.ds006012.v1.0.1	https://openneuro.org/datasets/ds006012	4a43f2bfe725c4098b863135e9c5cf0dbd285ca5	metadata-only slice
ds006018	EEG	Cognitive Electrophysiology in Socioeconomic Context in Adulthood: An EEG dataset	doi:10.18112/openneuro.ds006018.v1.2.2	https://openneuro.org/datasets/ds006018	18bda79e8df19a4ccd5020111914a12158272469	real payload
ds006033	EEG	Synchronous EEG and fMRI dataset on inner speech	doi:10.18112/openneuro.ds006033.v1.0.1	https://openneuro.org/datasets/ds006033	3af0502b0664b80dacf015e76c436c9ba371527c	metadata-only slice
ds006036	EEG	A complementary dataset of open-eyes EEG recordings in a photo-stimulation setting from: Alzheimer's disease, Frontotemporal dementia and Healthy subjects	doi:10.18112/openneuro.ds006036.v1.0.6	https://openneuro.org/datasets/ds006036	f4e7df9231292161abfa5f50f03cd2611a0bdd4f	real payload
ds006065	iEEG	TSS_iEEG	doi:10.18112/openneuro.ds006065.v1.0.0	https://openneuro.org/datasets/ds006065	14fdb3d852dcaba48a65d1185d3a6dfa2f83dba4	real payload
ds006104	EEG	EEG dataset for speech decoding	doi:10.18112/openneuro.ds006104.v1.0.1	https://openneuro.org/datasets/ds006104	c09aedb408859f7ceb454eae549b1c838d241220	metadata-only slice
ds006107	iEEG	iEEG_Neural_spatial_volatility	doi:10.18112/openneuro.ds006107.v1.0.0	https://openneuro.org/datasets/ds006107	3dd811d1afb74585fb2bf50f498ea747d10f1b86	real payload
ds006525	EEG	Resting EEG	doi:10.18112/openneuro.ds006525.v1.0.0	https://openneuro.org/datasets/ds006525	83fd2f6393803911c750e9203a707fe16c5ec797	real payload
ds007640	MEG	Dataset of emotion recognition using validated video stimuli with large-scale behavioral survey and MEG recordings	doi:10.18112/openneuro.ds007640.v1.0.1	https://openneuro.org/datasets/ds007640	256a6e780796893e5c4fce7b9f4fdeadc73062f6	metadata-only slice
